X.Sample.Identifier,ANLN,FOXC1,CDH3,UBE2T,NDC80,PGR,BIRC5,ORC6,ESR1,PHGDH,CDC6,MMP11,MYBL2,SFRP1,CCNE1,BLVRA,BAG1,MLPH,CDC20,CENPF,KRT17,FOXA1,ACTR3B,CCNB1,MDM2,MYC,CEP55,SLC39A6,ERBB2,GRB7,KIF2C,NUF2,EGFR,MKI67,TMEM45B,FGFR4,PTTG1,MELK,NAT1,CXXC5,BCL2,RRM2,GPR160,EXO1,UBE2C,TYMS,KRT5,KRT14,MAPT,MIA
MBC.MBCProject_GvHkH2Hk.Tumor.SM.AZ5HV,9.31,1.73,17.17,5,1.96,64.47,1.44,3.71,178.64,8.33,2.59,55.96,5.35,3.88,0.62,35.6,32.9,362.71,6.5,14.21,53.99,126.39,6.52,5.81,84.47,19.24,1.05,43.78,69.49,9.53,4.66,2.33,12.72,15.19,1.72,1.09,9.96,3.07,36.47,17.04,16.85,15.15,4.81,1.47,5.8,5.95,20.27,28.16,76.74,6.59
MBC.MBCProject_N4srsKsr.Tumor.SM.CGMGK,17.61,2.96,16.63,4.26,1.37,1.72,0.44,3.76,45,15.48,2.86,21.65,3.95,5.92,1.27,43.87,42.58,1601.3,2.78,18.66,65.03,186.25,21.72,10.93,245,6.86,1.74,26.96,156.5,18.64,1.58,7.35,50.05,8.52,4.6,7.09,6.04,6.8,12.66,11.26,6.03,15.85,50.67,3.16,4.51,6.42,143.63,93.74,32.38,6.68
MBC.MBCProject_N4srsKsr.Tumor.SM.CGLTK,21.17,1.04,4.65,8.52,4.9,0.17,4.46,5.79,2.61,18.29,6.36,4.7,9.74,3.79,1.59,39.84,26.58,1465.9,6.75,16.18,0.22,133.88,7.5,17.57,231.52,7.99,2.67,25.03,92,14.02,2.62,4.82,30.53,8.14,25.31,2.83,18.72,6.33,15.33,5.96,6.67,18.6,26.99,4.14,12.87,7.6,1.27,0,15.3,0.34
MBC.MBCProject_4MF1FlFQ.Tumor.SM.CGM4M,39.21,0.65,4.9,30.12,24.39,95.8,14.38,13.84,100.43,27.57,12.91,56.41,14.24,0.14,3.74,14.81,58.72,246.6,27.67,96.19,18.69,108.54,6.2,40.75,112.09,29.28,9.19,147.51,22.37,11.78,20.92,22.13,2.2,69.44,0.12,0.9,62.68,18.32,109.82,32.71,25.72,61.93,5.86,13.86,47.78,42.08,14.17,9.07,131.17,2.2
MBC.MBCProject_4MF1FlFQ.Tumor.SM.AZ5CU,12.43,4.46,17.56,16.65,11.38,7.27,5.9,4.79,116.12,43.25,3.85,15.7,8.14,2.82,3.06,24.24,46.21,202.42,13.98,43,133.7,110.83,6.18,22.85,114.99,126.87,4.66,61.1,37.9,8.65,10.47,6.15,20.06,27.09,0.7,10.57,42.95,9.54,40.33,6.2,12.41,32.74,9.42,4.45,15.19,24.17,184.96,114.9,43.33,3.6
MBC.MBCProject_wAiri7fp.Tumor.SM.AZ5DH,4.57,4.14,73.82,2.3,1.58,33.87,0.9,1.64,147.36,15.75,2.62,50.37,2.86,7.68,0.89,44.3,43.02,354.27,2.6,5.94,145.13,113.87,8.25,3.72,117.07,17.38,0.68,158.25,91.49,19.32,1.25,1.05,21.23,5.56,1.92,1.92,5.94,3.62,2.69,13.9,15.15,4.07,3.11,1.23,2.32,6.61,167.77,127.32,98.64,15.43
MBC.MBCProject_K7f6fdUz.Tumor.SM.AZ5MA,44.12,0.36,29.65,22.05,13.16,11.76,7.56,7.27,8.32,47.51,21.58,25.29,88.04,0.73,10.48,23.48,25.42,425.52,10.25,43.49,0.46,77.93,10.66,27.32,203.01,24.66,8.43,41.25,1129.3,108.51,13.32,11.56,12.11,42.86,4.92,108.79,27.01,26.42,18.97,11.14,3.7,93.85,10.72,18.26,30.34,33.28,0.21,0,44.7,0.38
MBC.MBCProject_3vhkhAcY.Tumor.SM.GQAW5,21.35,3.56,6.76,3.36,0.41,6.88,2.37,0.88,66.05,13.47,2.08,185.58,4.47,2.34,2.12,18.32,16.16,133.47,0.52,4.36,120.39,43.62,3.72,11.35,92.28,10.33,1.59,31.17,41.29,7.69,6.75,2.15,10.05,13.43,2.34,2.65,11.23,3.47,18.66,10.15,9.37,6.42,1.49,3.22,41.49,2.44,43.4,37.66,39.48,1.68
MBC.MBCProject_xBfJfri9.Tumor.SM.CGLAP,2.34,0.69,39.25,4.87,1.02,66.09,0.41,1.28,97.52,4.3,2.61,172.63,1.71,0.19,1.04,31.15,15.81,596.06,1.8,8.64,2.62,111.32,14.69,6.76,105.63,5.97,0.8,62.46,87.86,8.29,1.14,2,7.11,2.93,2.14,1.04,2.46,1.76,26.23,11.49,8.32,7.22,9.74,1.44,2.87,3.01,3.21,1.17,34.48,0.42
MBC.MBCProject_xBfJfri9.Tumor.SM.CGL4F,2.96,3.95,42,4.28,1.84,15.59,1.73,1.66,68.08,21.47,1.03,12.43,1.47,4.4,0.85,40.6,22.53,497.59,2.44,11.77,30.81,92.74,11.98,3.83,155.83,20.86,1.15,53.8,85.6,6.11,1.53,1.41,21.83,3.05,5.09,0.59,7.95,2.22,7.77,5.5,14.99,8.43,10.61,1.28,3.82,7.33,45.57,30.12,19.1,2.49
MBC.MBCProject_gKsRsqTR.Tumor.SM.AZ5J5,24.03,1.89,47.7,13.45,6.73,5.35,3.83,5.44,13.66,11.72,37.42,322.39,11.14,0.41,2.11,33.13,16.46,191.9,12.9,40.54,0.41,54.62,7.36,15.57,110.6,12.76,5.98,43.33,1110.9,271.56,9.86,9.81,25.44,21.53,2.68,2.08,19.72,6.8,14.42,12.06,3.97,34.44,6.58,8.13,21.04,8.59,1.43,0.11,15.06,0.55
MBC.MBCProject_QbiZiytx.Tumor.SM.CGM9N,6.76,2.58,13.22,7.45,2.17,32.97,1.36,2.25,161.74,10.83,2.86,170.58,4.87,4.31,1.33,65.69,30.2,438.56,2.23,8.69,32,143.67,10.54,6.37,151,7.7,1.43,171.47,88.62,8.91,2.58,1.16,13.3,4.28,1.87,0.91,5.06,3.65,132.54,18.49,12.68,16.17,11.88,4.37,3.9,7.41,45.98,25.56,76.55,2.9
MBC.MBCProject_QbiZiytx.Tumor.SM.CGMH7,20.48,1.58,26.14,8.26,5.16,11.79,3.4,1.96,71.53,15.62,5.01,129.89,11.87,0.37,3.56,48.12,30.9,607.23,7.48,23.23,3.01,144.47,18.06,11.09,189.16,3.93,3.39,62.11,98.62,6.68,7.13,3.8,17.03,14.41,0.73,0.69,15.88,8.66,136.87,19.47,5.29,29.96,12.94,6.22,12.49,9.96,470.04,349.8,55.48,0.77
MBC.MBCProject_VrsMsqTb.Tumor.SM.CGLRO,13.39,1.56,45.56,8.07,4.83,7.49,3.89,3.49,12.68,18.87,4.37,89.44,8.84,3.52,1.55,33.3,16.47,254.12,8.55,23.92,89.43,58.72,6.66,15.46,90.03,17.86,3.68,27.39,1933.8,224.99,7.77,4.61,15.5,14.13,3.86,60.64,18.7,5.7,5.86,10.73,3.93,27.97,5.09,6.69,15.54,7.81,96.54,68.6,15.42,4.55
MBC.MBCProject_57iLiJIl.Tumor.SM.CGLIV,26.38,0.37,17.86,5.14,4.09,43.3,4.05,7.9,78.75,45.9,6.74,13.19,9.85,0.01,2.41,38.23,49.79,795.4,3.38,28.91,0.27,183.08,16.32,25.39,189.41,3.53,4.22,625.01,68.26,7.81,4.97,8.78,1.41,21.49,1.85,2.37,21.57,5.67,80.68,20.36,8.24,27.95,31.86,8.32,17.43,6.03,0.22,0.72,29.42,0
MBC.MBCProject_K0UDUnFE.Tumor.SM.AZ5FD,2.04,3.71,25.48,0,1.59,0,0,0.01,0.33,0.56,0,0,3.42,0,5.03,14.8,3.44,236.17,7.84,5.27,28.5,8.42,1.71,4.75,55.03,0.45,0.01,3.48,779.87,3.46,4.52,0.12,6.63,3.73,3.68,6.53,1.54,11.39,0,0.31,0,12.45,4.66,3.24,0.06,3.26,97.98,15.42,0,0
MBC.MBCProject_RKf1frsr.Tumor.SM.CGLJI,42.29,19.8,94.48,21.53,19.16,0.22,27.11,21.87,9.01,44.51,14.49,27.66,30.16,15.2,11.5,47.79,23.78,12.49,20.92,86.1,17.13,3.94,25.19,60.83,157.87,34.95,10.88,17.28,57.7,5.34,20,16.33,17.88,36.31,0.1,2.55,38.54,24.09,2.4,4.59,6.05,67.68,4.11,24.58,21.78,38.52,6.63,3.44,0.74,27.24
MBC.MBCProject_yZSnSluK.Tumor.SM.DL4T3,22.16,2.42,3.63,7.74,2.26,9.69,1.4,3.27,3.83,5.35,4.08,12.25,3.33,4.68,0.53,14.61,19.35,566.33,3.36,28.25,5.87,46.26,1.28,14.02,100.46,7.85,2.49,201.67,35,3.09,10.08,9.26,8.48,13.77,0.09,1.63,15.51,3.65,5.68,6.67,5.21,5.81,9.25,1.66,23.36,6.32,9.82,10.29,13.32,3.68
MBC.MBCProject_wKuZuQS1.Tumor.SM.CGLW3,41.06,0.72,16.52,8.24,6.39,14.67,5.58,9.62,34.38,26.1,67.31,162.33,9.36,0.51,1.93,49.33,18.27,472.21,7.26,47.43,5.64,122.61,7.77,25.99,120.36,15.96,4.14,36.03,2015.5,307.74,6.82,9.81,6.28,24,0.81,3.05,16.82,10.14,2.35,24.4,4.24,31.37,8.53,13.59,23.97,9.6,5.99,2.13,49.27,1.03
MBC.MBCProject_O8u9SjuW.Tumor.SM.AZ5O6,19.78,0.86,2,10.05,5.67,6.73,3.01,4.53,86.18,10.14,6.98,151.35,6.28,0.13,0.83,23.79,9.99,196.03,4.73,14.38,0.68,43.1,3.1,16.64,114.03,12.75,4.66,259.75,28.99,5.36,5.2,4.39,3.85,13.13,0.09,1.04,14.5,4.52,7.22,12.39,6.18,21.84,3.88,3.11,9.71,9.37,0.59,0.14,23.87,1.26
MBC.MBCProject_gjhMuoha.Tumor.SM.AXGGJ,23,3.8,3.21,11.7,6.07,2.14,7.6,4.07,193.46,14.37,11.03,56.71,4.34,2.17,1.07,44.16,15.35,1005.8,4.01,44.49,15.07,93.4,9.76,33.19,221.61,24.77,6.63,98.81,126.66,18.55,8.14,19.19,13.65,9.03,0.26,1.14,26.89,18.45,132.12,9.62,12.19,33.35,29.54,12.19,11.29,20.26,10.92,11.61,98.32,4.88
MBC.MBCProject_qmu6TYto.Tumor.SM.DL3BW,9.57,2.78,20.57,3.36,1.56,51.77,1.29,2.55,83.88,8.28,0.98,30.13,1.74,9.09,0.87,51.84,26.44,478.57,2.45,6.96,50.13,68.08,10.6,8.11,134.69,7.07,0.9,55.4,74.23,7.26,3.14,1.77,15.83,4.8,7.26,1.31,8.86,3.02,22.12,12.1,7.43,7.51,6.57,2.21,2.03,4.28,68.13,73.55,38.01,13.54
MBC.MBCProject_qmu6TYto.Tumor.SM.GQA6Z,34.35,0.01,3.04,1.87,0.19,2.51,1.43,2.53,112.44,3.2,10.83,9.01,1.9,0.18,0.6,42.12,21.38,667.69,8.19,10.82,4.44,35.8,2.5,8.6,116.7,1.51,0,39.63,40.35,12.21,2.01,6.27,0.81,4.12,3.1,0.05,17.48,3.92,184.95,27.99,3.48,8.78,5.96,12.71,6.13,9.29,5.12,3.2,27.9,1.57
MBC.MBCProject_PzUBH7I3.Tumor.SM.CGLNW,16.69,9.16,1.4,6.99,5.94,8.67,2.41,3.15,66.7,6.89,10.44,39.46,8.57,1.53,2.87,34.93,17.96,359.22,5.14,19.02,15.28,53.09,13.83,20.01,195.81,4.98,2.81,155.56,74.04,8.34,5.99,3.2,22.45,24.29,1.98,5.68,19.64,6.83,37.97,14.13,9.93,31.71,9.63,5,9.27,10.26,21.91,2.69,9.39,1.62
MBC.MBCProject_7of5i3hp.Tumor.SM.CGMAA,42.43,2.57,22.54,9.91,22.74,1.19,4.12,9.86,39.58,37.69,19.09,21.27,17.73,1.13,2.27,18.06,25.41,185.22,18.7,67.91,48.28,33.2,13.29,32.99,158.31,34.72,11.9,31.96,86.36,11.19,20.06,7.84,85.46,45.94,16,9.29,52.9,19.93,7.84,11.39,5.37,65.92,17.83,31.04,31.11,16.98,31.78,24.4,5.55,0.83
MBC.MBCProject_VbfASefz.Tumor.SM.CGLVG,29.35,2.76,40.45,14.85,2.85,0.75,3.66,5.39,35.28,17.33,6.35,182.79,11.96,1.72,3.58,52.23,24.36,511.84,6.16,28.46,11.22,68.79,8,13.41,141.34,8.49,9.49,82.46,1258.1,242.14,5.2,5.92,13.68,23.72,4.44,15.93,33.31,8.07,8.13,16.43,4.2,64.3,11.48,9.45,28.12,5.28,5.67,6.37,6.6,1
MBC.MBCProject_4DIpSBFV.Tumor.SM.CGM2Q,23.97,2.77,73.54,4.37,3.37,1.01,2.21,5.87,3.68,13.5,5.94,299.25,6.09,1.04,5.17,36.73,18.76,243.46,22.4,20.77,12.56,38.64,8.88,7.38,108.58,12.8,4.49,16.97,1066.8,175.38,8.99,2.83,26.94,15.26,1.8,2.74,7.5,4.52,1.58,15.41,2.28,10.72,3.94,6.93,8.57,3.24,13.47,6.37,2.25,1.24
MBC.MBCProject_7JtRIPI2.Tumor.SM.CGLXC,18.36,1.81,4.98,6.69,2.47,41.72,0.35,4.32,142.6,29.96,5,63.74,6.33,4.78,3.92,55.72,45.42,1623.4,7.05,32.66,11.67,158.36,3.22,6.7,253.5,8.19,2.66,152.59,83.04,12.34,4.18,6,30.87,34.54,1.09,0.21,9.15,6.94,57.83,16.71,19.41,6.62,26.95,3.67,1.24,10.55,37,25.29,138.88,5.96
MBC.MBCProject_7JtRIPI2.Tumor.SM.CGMAW,26.76,2.32,7.51,12.63,3.31,39.65,3.57,3.54,55.35,21.27,7.53,59.78,10.96,2.68,6.17,60.48,41.8,644.84,5.39,32.48,10.02,113.48,7.2,14.29,217.94,49.43,3.38,238.74,135.34,27.75,7.12,12.53,11.57,25.88,0.99,0.46,17.27,9.33,95.42,8.88,7.28,33.87,15.34,7.27,9.44,8.15,8.92,3.65,91.91,0.68
MBC.MBCProject_gotjfgf0.Tumor.SM.AXGPS,41.44,0.38,14.72,12.26,13.04,22.69,15.94,7.62,51.86,16.21,75.76,182.58,17.99,0.15,2.45,49.65,21.37,170.92,22.26,49.25,8.2,52.67,9.49,44.62,104.19,16.16,13.6,31.67,354.29,36.73,18.62,7.33,5.72,30.01,0.84,5.05,37.04,22.04,102.22,13.67,6.1,59.46,5.76,14.18,28.78,21.82,2.51,4.34,71.52,2.27
MBC.MBCProject_gotjfgf0.Tumor.SM.CGL7K,46.46,2.59,4.16,26.8,22.96,36.5,39.87,19.43,78.28,26.32,149.12,5.35,34.71,0.08,4.69,49.86,30.09,165.69,26.65,48.7,0.46,87.03,14.7,73.07,182.66,5.56,13.05,77.97,380.68,70.48,20.02,24.9,5.6,47.97,1.89,10.69,66.81,56.73,53.63,8.26,9.07,149.24,37.11,45.07,60.88,38.08,0.3,0.11,60.22,0.37
MBC.MBCProject_nwIeUoSD.Tumor.SM.GQC2D,3.15,4.08,2.07,2.13,0.74,2.41,0.3,1.68,29.02,23.69,2.13,61.18,1.01,2.19,1.13,34.48,21.62,462.77,0.78,5.41,0.73,76.24,11.06,4.05,180.1,9.73,0.68,33.11,124,12.48,0.95,0.73,23.93,1.28,6.65,3.67,4.15,0.63,6.55,10.83,9.71,1.38,10.6,0.68,1.18,2.57,0.24,0.13,4.03,0.79
MBC.MBCProject_9JI1fwuX.Tumor.SM.DL4TP,27.96,3.55,52.68,11.02,10.27,9.69,4.86,6.92,18.07,30.72,23.86,18.45,13.78,3.27,4.32,53.47,24.27,277.75,12.89,38.16,60.66,72.71,5.76,13.03,143.26,17.33,9.36,70.87,471.92,100.71,11.37,8.31,11.58,27.06,4.99,2.92,26.97,9.5,56.4,13.3,7.76,46.01,11.03,6.25,23.39,8.33,27.86,9.48,18.9,1.04
MBC.MBCProject_ZdudUNFZ.Tumor.SM.CGLPS,5.42,0.51,1.62,12.46,3.23,7.61,2.59,17.38,360.66,10.83,7,68.59,4.39,0.33,1.28,58.03,22.53,706.95,4.33,19.72,1.11,114.69,12.01,23.12,134.52,5.91,1.81,94.02,89.81,13.33,3.59,3.56,7.87,7.47,0.23,0.39,15.23,10.58,116.52,19.96,6.3,17.43,15.67,7.07,11.17,8.87,34.52,26.54,47.17,0
MBC.MBCProject_1qhlIasw.Tumor.SM.AXGNH,10.27,0.34,2.66,7.39,2.45,9.58,0.27,4.19,26.81,3.79,1.76,197.44,3.04,1.13,0.23,40.96,8.28,187,3.38,14.95,23.14,29.27,2.34,21.54,51.75,6.77,3.67,21.5,47.87,3.22,2.74,4.68,3.37,7.28,0,0,8.45,3.4,18.59,6.79,8.73,13.6,0.83,3.19,7.16,8.67,14.63,11.9,9.31,1.77
MBC.MBCProject_3jhES9fq.Tumor.SM.AXGIU,1.99,0.38,2.29,2.29,1.74,28.78,0.22,1.8,46.47,2.76,0.94,1.42,4.71,1.13,0.36,21.3,25.81,417.16,1.29,5.24,0.06,27.01,4.12,2.82,74.58,7.16,0.89,159.96,47.01,5.31,1.02,1.8,5.26,2.46,1.18,5.78,6.57,0.97,19,5.09,5.32,5.04,11.95,0.64,2.3,2.57,0.47,0.03,8.58,0.66
MBC.MBCProject_4vC6Fgio.Tumor.SM.CGLZ8,10.64,6.83,37.29,15.6,9.87,9.04,6.13,5.62,31.08,11.48,11.35,142.12,7.22,5.72,1.44,40.08,30.33,527.41,7.13,40.1,141.95,47.7,9.53,16.89,247.3,30.04,3.14,776.58,85.79,14.53,6.27,13.53,31.66,8.95,0.82,2.12,23.7,5.49,52.18,25.79,6.32,21.92,9.27,6.44,15.78,20.62,148.37,81.32,33.01,3.63
MBC.MBCProject_4OIOfAt9.Tumor.SM.CGLYL,5.14,4.14,18.46,8.09,2.99,1.61,6.02,2.62,57.8,10.45,8.18,24.06,3.3,14.85,1.51,50.05,43.23,128.31,2.25,25.89,132.89,39.33,7.45,8.99,240.34,28.47,2.28,116.31,48.23,8.6,3.33,3.24,22.13,3.18,0.63,8.14,12.94,2.94,0.82,6.49,9.39,10.68,31.86,6.49,7.56,4.67,62.34,96.73,12.5,4.08
MBC.MBCProject_Jeu1F5cz.Tumor.SM.DL48Y,27.6,1.6,2.93,11.07,5.52,1.09,5.17,7.63,15.38,8.65,6.79,43.16,2.61,1.25,2.37,25.99,28.05,355.56,4.82,15.6,6.09,71.34,6.79,13.75,148.47,6.52,4.46,45.96,15.51,4.31,6.23,4.74,8.91,20.31,5.52,2.54,19.97,5.91,2.85,8.69,9.47,28.5,7,4.3,5.72,9.58,6.81,3.95,8.34,0.64
MBC.MBCProject_pktAIxFb.Tumor.SM.GQABE,4.73,1.25,4.03,2.95,1.5,4.81,2.42,1.87,164.17,6.79,6.67,43.14,2,1.75,1.22,35.49,15.3,890.88,2.06,5.22,7.35,140.17,9.82,10.16,345.59,14.5,1.49,255.68,340.18,72.25,1.48,1.34,4.84,3.75,2.37,4.09,3.3,1.82,159.09,16.31,15,2.96,21.07,1.54,4.9,3.41,6.74,5.79,37.06,0.75
MBC.MBCProject_pktAIxFb.Tumor.SM.DL43X,10.66,0.75,3.59,7.39,4.69,1.16,10.41,3.91,100.65,8.01,10.56,25.97,8.73,0.4,0.45,31.62,13.92,456.03,4.8,10.75,7.41,57.99,4.65,15.49,191.85,52.69,3.54,123.35,189.71,36.57,4.78,4.93,2.84,7.74,1.89,0.76,16.94,5.42,36.93,30.58,13.96,15.68,7.88,3.5,20.34,11.08,6.26,4.5,36.23,0.82
MBC.MBCProject_eXSVsxUm.Tumor.SM.GQC2Z,33.92,0.36,7.38,16.83,11.18,42.04,5.14,7.47,99.28,2.1,7.44,66.69,12.27,0.1,2.15,30.56,24.86,1425.4,12.74,142.46,3.14,132.87,14.12,41.19,171.1,30.53,7.05,80.87,262.85,48.4,12.43,21,12.59,37.67,4.13,3.88,21.14,15.8,6.35,18.96,6.87,36.4,15.9,26.15,26.32,18.01,3.09,0.86,142.72,0.6
MBC.MBCProject_eXSVsxUm.Tumor.SM.GQD1X,0.31,8.32,87.79,0,0.01,15.26,0.72,0.64,33.5,24.39,0.47,1.26,2.37,11.16,0.1,24.11,61.51,442.67,0.38,2.32,169.51,52.81,6.4,2.12,54.28,36.36,1.14,134.3,75.25,10.32,0,0,37.18,0.51,4.35,0.38,1.2,0.18,5.22,8.93,20.2,2.72,0.36,0.13,0,7.76,181.04,98.26,11.95,7.76
MBC.MBCProject_rMHPsbIq.Tumor.SM.DL422,10.54,1.27,1.31,5.93,2.38,9.16,2.5,1.87,87.32,6.17,5.02,166.13,2.7,0.38,1.59,37.11,17.47,675.97,3.74,19.91,0,70.13,5.94,15.4,182.94,7.28,2.05,54.39,59.8,3.25,4.68,3.43,6.78,9.26,1.67,0.69,14.48,2.82,91,17.01,4.58,12.04,5.76,2.75,10.79,2.94,0.25,0.02,62.16,0.6
MBC.MBCProject_KphMt4F9.Tumor.SM.DL4PB,24.15,0.54,1.46,13.45,9.37,8.92,10.54,5.6,172.36,14.56,11.57,29.19,16.84,0.18,1.64,40.86,17.89,713.86,9.15,33.64,0.04,95.25,9.39,19.99,201.46,16.84,5.01,133.43,66.31,7.28,5.85,8.65,3.21,25.76,0.54,4.09,26.59,4.8,31.7,15.24,6.03,46.06,16.22,6.59,20.47,13.16,1.31,0.08,22.85,2.34
MBC.MBCProject_zyt5TKFB.Tumor.SM.CGM59,32.61,3.89,17.07,14.53,5.3,12.59,2.9,5.25,37.04,7.91,8.65,283.98,6.99,3.37,2.41,31.42,20.12,271.49,11.87,43.31,15.72,64.6,9.53,9.16,135.57,25.09,5.26,38.02,1154.3,154.87,8.43,5.57,16,19.5,0.67,4.86,19.4,6.45,21.75,14.64,6.79,15.62,9.59,10.25,13.33,5.42,33.19,21.61,53.77,4.18
MBC.MBCProject_zyt5TKFB.Tumor.SM.CGMBJ,12.34,2.97,13.67,4.04,1.88,19.23,1.32,2.97,39.99,12,2.63,87.54,1.98,4.37,1.16,24,26.94,319.36,4.73,9.16,30.57,49.99,6.29,4.23,180.61,11.93,1.69,47.7,69.57,4.14,3.05,5.04,17.61,5.97,1.32,4.4,5.5,2.67,26.09,17.29,5.74,8.27,11.13,4.98,3.18,4.45,21.36,16.71,48.73,3.67
MBC.MBCProject_JGCBTpH1.Tumor.SM.CGLR2,19.32,0.93,7.73,7.86,5.76,28.86,3.29,4.89,140.04,4.2,7.25,89.67,4.61,0.63,1.82,50.84,34.5,151.24,7.66,27.5,4.29,35.87,12.81,14.76,246.9,9.85,4.68,146.7,36.18,10.31,10.34,5.45,5.87,7.15,1.68,0.3,21.96,7.85,12.68,13.39,9.39,41.1,5.5,7.55,10.65,15.08,8.46,3.47,32.11,1.37
MBC.MBCProject_GpizsQiW.Tumor.SM.GQA8V,11.05,5.33,58.79,3.88,3.04,32.57,1.82,2.97,54.51,31.3,3.8,1.67,2.15,16.89,0.92,47.6,26.06,435.84,6.33,15.92,108.97,52.65,10.51,10.72,159.28,35.23,2.55,145.29,60.32,5.87,3.99,4.44,51.54,9.15,0.54,0.47,12.79,3.03,29.3,11.06,10.17,10.72,8.49,1.81,6.37,8.12,148.79,106.21,32.24,24.56
MBC.MBCProject_bAi0Slsx.Tumor.SM.CGMFB,13.89,10.81,68.83,5.18,2.43,2.5,3.15,4.49,3.04,22.96,4.09,110.48,108.41,0.11,1.43,31.3,20.76,205.28,13.11,15.6,8.66,83.55,11.59,12.73,212.14,48.75,2.68,28.23,2334.1,304.12,9.1,5.31,18.91,12.29,2.52,7.09,12.4,4.57,1.61,5.51,3.16,17.12,6.11,3.14,14.69,2.36,1.05,0.04,14.99,0.81
MBC.MBCProject_DxibF0hM.Tumor.SM.CGLWP,8.55,7.04,25.95,4.56,1.77,8.67,0.79,3.31,22.74,22.32,2.05,7.69,0.68,15.05,1.31,44.64,35.13,199.54,0.87,5.5,197.81,41.1,4.77,5.89,258.19,44.99,0.7,133.7,71.8,12.2,1.67,1.79,50.7,2.55,0.44,0.73,7.16,1.96,8.83,12.67,10.94,5.26,21.42,1.43,3.6,6.76,223.73,168.03,18.78,5.49
MBC.MBCProject_P2CMUEiX.Tumor.SM.DL3GB,38.5,1.33,23.8,2.79,3.79,0.33,9.34,10.9,7.29,27.89,5.72,265.67,35.74,0.4,7.05,26.27,35.1,565.11,11.9,45.55,49.03,44.41,4.87,18.02,112.45,12.39,6.89,17.4,693.47,117.31,12.1,5.27,7.89,26.93,5.21,14.72,20.08,12.89,0.51,21.03,5.29,31.59,2.89,8.92,14.47,10.33,1.47,2.56,1.03,0.32
MBC.MBCProject_Y7iLIOU0.Tumor.SM.GQBY8,13.05,3.91,27.83,1.84,4.02,14.22,2.47,4.05,82.69,16.29,9.81,28.13,4.57,5.97,1.35,31.7,73.55,725.04,4.42,21.97,41.67,53,10.66,7.29,140.18,13.4,2.95,174.76,64.81,6.08,4.23,4,19.68,13.14,0.94,2.7,4.68,3.73,78.38,11.52,15.69,12.46,5.74,3.95,6.97,6.84,65.87,49.9,22.12,7.33
MBC.MBCProject_Y7iLIOU0.Tumor.SM.GQ9VX,17.97,6.25,34.81,1.99,4.85,12.21,1.74,4.17,57.83,26.46,7.58,39.44,6,17.2,1.53,33.27,53.02,502.83,3.98,29.37,50.02,45.49,10.25,9.76,165.05,17.29,3.72,155.57,64.47,8.71,5.5,5.4,29.75,16.61,1.24,2.69,7.79,5.22,60.11,10.1,13.23,16.55,4.47,4.73,6.62,9.69,82.13,77.76,30.17,12.66
MBC.MBCProject_XmiOUMSm.Tumor.SM.DL3SV,18.02,4.23,28.08,4.84,2.94,3.56,2.39,5.19,13.71,19.72,4.53,24.7,6.41,7.01,2.99,42.01,19.14,210.19,4.06,9.64,101.57,22.16,6.87,4.84,140.52,21.54,4.57,45.3,52.01,14.55,5.01,5.96,18.26,8.26,2.48,2.6,9.88,5.89,2.49,3.97,6.35,21.89,17.01,3.72,10.48,7.33,145.08,82.99,3.16,5.17
MBC.MBCProject_KGs1fxH2.Tumor.SM.CGM1H,0.04,13.71,1.88,0.41,0,5.76,0.54,0,19.44,13.13,0.2,13.68,0.81,8.92,0,62.61,30.69,16.45,5.81,2.79,20.93,0.72,2.2,18.8,197.72,17.42,0,15.59,22.53,4.73,1.53,0.81,12.26,0.52,0,0,4.83,3.67,1.81,2.95,16.18,24.15,0.39,1.5,6.22,2.89,25.71,8.95,1.62,0
MBC.MBCProject_KGs1fxH2.Tumor.SM.CGMCS,91.22,3.52,14.55,15.64,6.49,8.19,6.85,6.37,26.79,9.26,9.64,82.38,4.12,0.67,2.88,88.4,18.9,351.72,8.97,52.04,66.99,44.14,3.44,15.63,222.15,13.23,10.54,28.13,82.53,18.82,6.05,9.22,5.44,19.78,13.02,5.09,28.6,8.3,12.34,11.17,4.46,53.81,7.4,4.15,35.74,10.42,16.9,5.26,2.16,3.34
MBC.MBCProject_KGs1fxH2.Tumor.SM.CGLUT,48.17,4.53,22.9,5.9,6.49,14.91,7.22,3.68,17.53,7.54,3.23,151.79,3.81,1.56,2.67,105.59,16.57,313.72,3.02,21.97,173.33,32.33,2.84,11.22,218.11,19.09,7.02,24.41,82.64,9.89,4.19,10.94,7.25,13.08,6.11,3.95,21.25,7,7.04,9.38,3.09,27.81,9.08,1.19,15.26,6.17,46.78,11.99,4.66,3.68
MBC.MBCProject_3MUnT7Ty.Tumor.SM.CGLLE,11.4,1.41,18.05,3.01,2.2,26.42,0.57,1.83,119.42,6.54,2.17,42.76,3.09,2.57,0.53,25.61,65.64,1077.2,2.18,11.63,49.36,161.77,13.95,3.31,685.89,13.63,3.43,100.64,91.14,30.46,1.05,16.21,8.36,7.17,3.7,9.87,4.73,4.16,20.1,11.76,34.43,5.28,16.99,4.31,0.24,4.08,24.46,19.31,99.58,9.6
MBC.MBCProject_BVCVuGhl.Tumor.SM.DL4DD,2.4,0.99,3.19,1.24,1,34.31,0.83,2.16,75.01,1.86,1.14,283.27,1.55,0.34,0.74,24.16,12.36,196.79,1.37,2.55,1.24,64.37,7.71,3.72,72.64,8.64,0.66,45.82,77.82,14.45,1.47,0.73,4.73,2.06,4.65,0.44,3.39,1.24,52.77,13.71,22.85,5.34,6.53,1.11,2.05,4.9,2.22,1.5,42.52,0.08
MBC.MBCProject_d5CbUNTb.Tumor.SM.CGM5V,96.06,21.6,30.15,5.28,14.73,0.78,9.99,17.69,2.61,7.86,3.93,29.31,8.11,16.38,6.36,29.44,32.19,46.28,2.4,99.82,24.68,0,10.86,20.2,295.44,18.56,13.84,11.75,104.33,5.41,16.55,18.07,8.49,21.98,0,0,21.57,76.69,0,2.36,0.59,22.94,19.15,32.29,4.6,21.9,6.39,1.61,4.75,16.99
MBC.MBCProject_d5CbUNTb.Tumor.SM.CGLSX,101.89,19.67,16.09,26.82,16.72,0.23,11.41,12.11,1.09,8.8,9.83,144.88,7.82,12.55,4.56,20.44,34.86,9.81,12.59,57.79,5.73,0,15.96,13.47,110.24,60.78,8.06,11.35,56.51,13.64,14.45,20,9.53,14.34,0.27,1.78,48.04,29.62,0.71,2.83,0.74,60.73,10.38,15.49,13.54,19.82,21.73,16.53,8.79,5.01
MBC.MBCProject_BOHWtZT8.Tumor.SM.CGM6I,15.3,1.73,18.29,16.71,3.25,0.93,16.25,7.61,2.49,15.3,114.8,106.45,15.23,0.9,2.47,27.06,13.88,521.67,13.84,43.14,6.75,144.87,7.69,18.31,110.2,3.02,6.37,16.67,2890.7,226.04,14.36,5.85,11.74,31.4,3.66,58.45,35.23,13.68,3.76,13.68,1.74,70.22,14.34,6.57,42.24,3.38,8.97,5.52,1.56,0.61
MBC.MBCProject_BOHWtZT8.Tumor.SM.CGLQF,12.43,0.9,9.37,9.35,2.34,0.23,6.83,3.11,2.52,9.26,94.29,8.45,7.65,0.03,1,16.2,16,459.28,7.59,18.78,0.1,132.78,4.1,11.78,90.38,1,2.31,9.56,1286.1,125.05,3.97,2.49,5.58,13.13,4.13,79.72,27.3,7.62,1.5,5.55,0.87,32.5,20.7,3.3,38.47,2.57,0.12,0.01,0.65,0.46
MBC.MBCProject_glf3CWFa.Tumor.SM.GQ9N5,20.3,2.25,9.31,12.25,5.17,70.68,5.44,2.41,44.4,6.76,9.7,68.19,2.57,2.26,0.63,42.05,61.39,370.03,8.22,29.03,9.37,72.43,5.92,8.8,209.05,9.79,3.91,731.54,57,16.85,4.32,8.5,5.5,14.47,0.02,0,17.98,2.89,121.23,7.68,12.56,21.16,12.03,9.36,4.96,8.85,11.88,9.95,35.28,4
MBC.MBCProject_epUYsdCE.Tumor.SM.DL3A1,19.03,1.22,14.55,7.16,4.27,7.27,4.59,14.5,48.09,10.73,3.24,132.75,1.53,2.06,0,16.29,123.18,331.01,4.65,32.77,26.45,95.65,9.87,12.78,230.01,12.45,7.79,311.61,37.53,10.81,9.43,4.89,10.07,5.75,0.36,4.36,47.91,13.03,88.01,11.19,17.84,16.93,14.77,5.4,15.17,5.22,12.51,15,46.56,6.53
MBC.MBCProject_pyhbI1H5.Tumor.SM.GQCX6,5.79,0.98,1.35,6.46,5.06,4.53,3.23,6.35,102.32,4.94,2.82,80.92,7.82,0.05,0.59,19.54,9.05,70.53,9.11,19.61,0,24.91,3.7,16.19,83.86,5.58,2.58,60.07,28.34,6.05,6.3,4.8,7.64,8.49,1.04,0.6,18.73,5.38,29.55,12.3,4.08,40.52,2.28,4.08,21.7,9.46,0.14,0.01,10.61,0.8
MBC.MBCProject_brTys8Hl.Tumor.SM.GQCYF,108.6,0,13.01,9.96,3.39,1.03,30.43,4.6,0,44.11,9.24,10.4,82.68,0,0,50.25,9.47,986.4,18.21,59.15,0,173.74,1.82,20.8,170.52,0.22,15.08,50.64,4129.9,1095.4,62.2,62.21,0.53,32.46,14.8,14.82,96.16,18.67,0.55,5.24,0,70.17,2.29,46.6,60.1,260.62,1.54,0,3.11,0
MBC.MBCProject_lXCmTEuv.Tumor.SM.DL4WU,9.55,1.57,14.3,4.87,3.3,35.98,5.16,0.37,89.02,10.09,1.21,263.85,6.25,1.96,1.01,51.35,136.63,362.4,4.86,11.17,18.27,48.46,3.22,6.03,150.49,18.76,3.54,261.46,43.58,11.06,3.5,5.8,10.21,5.98,0.67,0.61,10.35,2.14,21.39,9.71,32.6,8.34,2.66,2.96,6.05,6.77,13.36,17.38,23.42,0.64
MBC.MBCProject_jEhBHrS2.Tumor.SM.CGKTZ,7.06,0.05,7.69,3.79,1.31,0.23,0.62,1.05,2.04,4.1,3.24,27.3,5.89,0.43,1.63,4.33,11.82,44.52,2.9,4.32,10.18,6.15,2.05,3.79,62.19,1.28,0.14,4.81,251.63,47.55,3.64,1.23,4.15,3.32,1.29,3.78,13.9,1.25,0.82,7.81,1.57,5.17,0.4,3.62,1.28,0.54,13.57,7.52,0.01,0.27
MBC.MBCProject_EWubi6hd.Tumor.SM.GQ9PN,40.71,0.91,62.49,5.35,10.94,0.06,0,4.21,0.07,17.04,22.5,150.12,3.15,0.39,1.3,31.52,22.06,25.03,10.42,30.89,0,59.13,18.4,40.34,78.89,8.13,2.22,20.14,653.03,94.59,0.62,4.12,20.59,9.55,3.53,0.27,12.73,12.9,0,0.16,0,19.83,12.75,5.98,22.55,21.43,6.56,0,7.71,0
MBC.MBCProject_Y8H6SghO.Tumor.SM.DL4IE,0.78,2.54,9.86,0.61,0.31,0.72,0.42,0.46,32.59,23.62,0.78,6.29,0.17,2.96,0.44,17.3,15.15,308.31,1.83,4.98,27.53,41.51,4.67,2.52,54.45,10.23,0.2,75.61,58.57,13.29,0.28,0.24,14.81,0.28,1.35,1.76,0.98,0.23,14.83,4.45,4.36,0.74,4.8,0.31,0.5,0.77,26.41,17.04,9.77,2.11
MBC.MBCProject_7AC8CoUL.Tumor.SM.GQ9WK,8.51,1.98,9.46,4.83,2.88,0.86,8.74,3.86,118.12,16.56,4.43,579.24,30.57,1.23,4.59,179.17,38.76,156.75,5.96,11.13,29.63,58.69,3.89,15.02,198.19,23.88,2.56,80.56,159.64,19.98,4.21,7.14,8.77,4.14,0.17,1.82,22.1,3.96,20.22,13.09,40.87,27.14,2.04,0.92,15.67,6.23,40.31,79.39,48.84,1.32
MBC.MBCProject_lQtMtjFR.Tumor.SM.GQCOD,38.63,19.85,127.76,20.63,23.11,0,22.94,37.96,10.42,104.02,112.19,9.19,24.2,16.89,31.8,7.09,29.55,35.77,28.48,116.73,262.68,0,13.7,52.68,83.67,33.83,6.98,41.91,116.07,7.93,26.07,15.43,21.54,39.18,0.11,8.56,74.91,38.06,4.27,10.04,0.29,111.06,1.05,68.14,83.55,46.52,796.48,3.03,0,48.35
MBC.MBCProject_LDCbC8t9.Tumor.SM.GQCEB,10.9,1.65,5.41,16.01,3.48,4.6,5.36,1.86,46.03,7.61,5.14,104.45,6.09,0.67,2.15,22.9,23.54,241.11,6.75,11.52,3.23,19.08,6.03,8.13,119.7,16.07,2.4,95.82,20.47,4.19,11.53,5.66,6.24,9.69,0.32,2.23,30.76,6.17,3.72,6.96,5.02,18.42,9.3,3.99,13.45,8.23,1.83,1.09,10.42,0.34
MBC.MBCProject_2ViLiZS8.Tumor.SM.DL3Z6,7.85,1.85,16.94,19.11,2.82,32.76,6.17,2.71,101.77,5.67,7.15,169.27,7.34,1.75,1.1,41.69,21.26,216.62,5.59,37.28,57.65,115.96,5.74,9.38,90.36,23.9,2.11,115.77,148.13,15.76,3.57,7.65,8.22,20.37,0.93,1.2,13.31,5.32,53.08,23.74,14.53,15.02,2.7,6.8,8.61,7.46,46.42,17.59,80.92,2.27
MBC.MBCProject_QNs8uGhM.Tumor.SM.GQCB6,18.63,0.83,4.55,9.19,6.12,13.74,3.94,4.69,128.15,13.38,5.9,72.53,12.48,0.29,1.01,25.84,30.79,600.96,4.11,35.02,9.46,48.56,7.71,18.3,149.46,13.46,4.51,342.28,50.92,5.93,3.68,11.64,3.42,17.64,1.28,1.02,25.88,9.44,8.48,15.66,8.26,48.77,6.32,14.02,15.73,8.7,6.06,3.62,16.98,0.92
MBC.MBCProject_WYHpfXf1.Tumor.SM.GQAFS,16.42,1.44,4.28,8.06,4.59,6.48,5.45,4.87,161.26,12.17,13.52,197.72,19.37,0.27,2.51,35.64,21.6,435.31,6.37,45.33,1.02,50.53,9.29,22.62,139.02,28.88,6.87,183.61,147.75,26.94,5.37,8.27,6.2,23.5,0.94,0.94,16.89,7.06,19.51,20.5,6.36,19.53,5.32,7.85,20.24,3.5,1.41,0.18,9.89,0.24
MBC.MBCProject_WYHpfXf1.Tumor.SM.GQB77,18.18,2.64,0.6,15.76,4.57,4.1,4.2,4.41,44.96,11.13,19.53,38.99,10.93,0.96,2.37,24.07,16.06,197.03,4.59,39.03,0.01,25.99,4.11,28.59,132.3,23.65,7.4,213.85,139.68,50.93,4.97,14.95,6.29,17.77,0.9,1.21,30.37,6.26,26.58,5.69,2.91,22.95,9.64,12.96,20.99,5.18,2.19,0.38,3.68,0.33
MBC.MBCProject_wKuwTYhK.Tumor.SM.GQCRI,1.13,4.76,5.29,2.03,1.16,7.9,0,1.67,40.1,11.77,0.52,5.44,0.05,3.14,2.9,34.15,16.57,480.82,1.06,1.78,88.86,76.73,8.06,4.3,110.26,22,0.23,79.36,57.17,6.92,0.15,0.04,13.67,0.37,0.96,4.77,3.01,0.09,44.5,6.22,7.2,0.89,18.2,0,3.52,1.03,44.39,18.84,7.86,0
MBC.MBCProject_OwuoTVhg.Tumor.SM.DL3OH,3.01,1.67,1.46,3.08,1.2,26.8,0.65,1.03,54.63,0.99,4.09,20.61,1.59,0.42,0.53,42.36,35.06,286.08,1.32,13.22,5.69,106.75,3.38,4.7,169.49,10.02,0.96,85.83,71.71,16.98,1.26,4.25,4.34,4.2,1.91,0.48,7.25,1.95,60.86,7.57,14.03,5.89,18.51,2.68,3.17,4.1,7.81,6.02,14.2,0.46
MBC.MBCProject_zatdFvhp.Tumor.SM.GQAAR,18.9,0.18,11.49,3.96,8.5,0.79,16.69,12.6,36.06,4.74,21.28,1.05,15.18,0.02,1.44,23.28,28.12,31.42,10.51,39.07,0.61,17.12,5.38,26.86,194.18,10.3,8.28,14.26,37.69,4.86,8.46,16.64,3.29,18.23,2.36,0.42,35.45,11.04,2.85,23.28,21.56,49.33,30.16,9.45,21.38,11.51,1.1,0.01,3.08,1.43
MBC.MBCProject_oqupfDu7.Tumor.SM.GQCOZ,90.22,5.15,25,36.64,18.02,42.37,14.57,16.33,58.11,7.95,19.03,127.15,44.95,0.13,3.33,49.72,21.55,307.17,31.37,116.12,7.1,78.15,27.71,29.25,266.35,18.01,9.79,27.46,64.19,11.92,17.48,29.25,5.52,41.18,2.13,21.77,42.52,29.24,5.61,15.56,1.82,73.45,17.78,33.2,72.38,26.96,1.74,0.99,6.62,1.8
MBC.MBCProject_oqupfDu7.Tumor.SM.GQCIP,7.49,2.18,7.45,3.61,5.91,0.83,1.86,3.67,22.65,8.59,3.97,4.69,7.9,1.69,2.06,32.41,18.42,124.63,3.13,10.7,2.11,27.68,10.32,5.83,184.12,12.33,2,14.75,48.84,6.88,4.38,3.53,16.93,10.52,1.04,58.72,14.02,7.49,0.94,4.11,8.02,17.55,28.81,4.34,8.3,5.66,2.2,0.12,4.51,0.79
MBC.MBCProject_MYuoCmI7.Tumor.SM.DL4R7,28.26,0.9,2.06,32.15,14.79,3.67,11.27,10.06,217.06,15.54,21.19,58.58,34.04,0.13,6.17,95.64,76.8,330.04,19.63,65.09,2.65,84.01,12.18,19.96,222.26,13.94,10.57,311.78,114.04,20.65,41.77,14.19,3.84,46.86,0,0.2,21.97,16.09,22.87,10.9,14.73,37.04,16.06,16.48,41.88,17.5,2.91,1.39,14.75,0.43
MBC.MBCProject_MmSBTJtJ.Tumor.SM.GQAGF,11.16,6.08,0.3,5.04,3.62,5.62,3.56,4.52,342.09,9.6,5.75,38.16,4.01,0.25,0.71,23.15,16.24,517.25,4.41,26.45,0.69,88.01,6.43,9.04,150.57,3.42,1.67,112.42,226.87,22.64,4.45,3.61,9.34,5.08,1.17,14.49,9.33,2.74,75.07,16.65,6.06,14.52,7.76,3.8,10.66,4.44,0.73,0.71,64.36,0.58
MBC.MBCProject_jmfDfEs8.Tumor.SM.GQ9Z3,9.27,1.59,27.47,7.53,4.04,1.91,6.83,6.76,96.44,23.19,73.69,285,10.48,4.42,2.18,61.68,45.03,320.38,5.33,23.94,71.64,54.31,4.26,9.67,125,18.31,4.6,37.64,1820.6,326.12,11.52,9.22,8.64,8.96,1.09,5,18.18,6.69,0.84,6.63,23.01,35.29,7.9,7.33,13.69,8.23,62.32,28.29,3.69,4.05
MBC.MBCProject_pMcWcrtZ.Tumor.SM.AZ5KE,71.16,35.32,60.33,7.26,53.7,0.44,23.42,10.34,5.8,73.06,15.01,93.5,15.34,24.58,12.68,19.57,22.55,18.2,28.75,139.44,288.09,0.48,2.8,33.76,122.76,14.22,23.35,18.29,61.1,35.85,32.47,10.54,17.57,42.9,0.62,2.52,69.5,19.1,0.64,5.36,2.11,118.97,1.14,27.03,63.4,47.24,55.55,50.51,1.2,73.11
MBC.MBCProject_x4cLHdhw.Tumor.SM.GQ9P1,17.78,2.37,9.7,9.11,5.75,23.46,7.72,12.96,46.82,11.01,2.94,238.53,9.81,0.82,1.22,21.43,28.15,350.54,4.17,33.48,23.95,99.62,16.48,20.6,238.55,26.11,6.24,87.57,88.01,10.29,6.51,7.24,7.9,19.87,1.4,5.71,10.29,10.48,37.23,10.64,17.46,14.26,20.12,8.68,12.11,12.73,23.55,8.22,86.47,1.52
MBC.MBCProject_rJHBiKTl.Tumor.SM.DL3K3,14.26,1.81,8.73,8.8,2.17,57.45,4.97,5.17,119.34,8.99,2.46,83.22,8.14,1.51,1.03,64.26,51.84,452.56,4.6,32.22,25.24,83.47,6.27,12.71,158.29,11.71,5.19,93.65,39.59,6.93,5.11,4.82,6.59,15.37,5.43,1.3,18.59,5.2,81.37,23.84,8.98,26.34,9.45,4.61,10.8,5.95,15.46,14.52,42.85,1.39
MBC.MBCProject_PkTDsOSa.Tumor.SM.GQ9X7,17.97,2.06,34.04,10.77,7.84,4,11.44,10.57,147.04,16.74,17.46,12.08,16.18,0.41,2.8,113.8,38.64,800.51,9.79,24.26,42.07,58.68,5.22,10.53,157.53,8.42,6.93,122.35,170.58,23.11,6.57,17.64,4.57,11.28,3.51,3.13,15.75,5.39,50.07,5.08,6.57,43.7,8.75,6.15,24.51,13.62,6.76,6.84,12.45,0.83
MBC.MBCProject_PkTDsOSa.Tumor.SM.GQBXL,32.65,1.36,22.94,23.31,13.03,0.53,13.63,9.29,60.81,27.71,11.31,1.38,13.21,0.53,4.41,115.9,21.57,934.71,5.61,26.34,22.12,90.17,7.49,9.17,168.51,14.54,10.47,206.52,228.43,13.16,5.1,14.72,5.66,16.69,12.15,6.98,8.7,9.78,10.39,5.63,1.34,40.47,34.08,8.16,15.49,10.18,18.16,10.81,7.01,0.67
MBC.MBCProject_nkU3hDhB.Tumor.SM.GQCKL,19.21,2.76,29.04,2.99,2.76,15.16,4.71,4.02,256.08,11.6,5.15,70.93,3.56,4.67,1.49,58.27,44.67,268.07,5.19,13.44,87.54,63,8.12,13.59,132.67,19.84,3.79,66.68,113.92,11.44,7.6,3.41,186.54,9.84,3.34,6.04,10.71,6.49,11.26,7.5,23,20.15,6.35,2.91,5.62,4.15,64.07,55.26,41.42,3.53
MBC.MBCProject_nkU3hDhB.Tumor.SM.GQA38,4.6,3.72,25.05,1.21,1.08,51.31,4.68,1.84,41.79,16.2,2.64,28.09,1.54,6.87,0.9,37.96,24.56,432.73,1.64,5.72,190.3,42.3,8.09,2.74,126.96,57.4,1.43,47.06,108.01,12.05,1.8,1.8,42.12,2.53,9.48,7.06,3.17,1.92,5.81,7.8,8.4,5.03,6.83,1,2.8,4.06,149.28,113.4,26.54,5.5
MBC.MBCProject_nkU3hDhB.Tumor.SM.GQC49,7.91,2.45,11.32,4.37,1.96,45.22,3.83,1.17,94.65,12.17,4.49,41.01,2.22,5.19,0.23,45.86,28.6,504.38,2.93,19.41,33.3,65.26,7.56,8.87,150.68,11.21,2.85,28.09,62.83,8.4,3.5,2.42,16.36,4.45,3.94,1.46,8.52,3.39,33.24,12.98,8.19,6.8,12.3,3.73,3.98,4.44,51.59,29.23,80.09,4.29
MBC.MBCProject_beTYUZij.Tumor.SM.GQBWY,16.71,1.82,17.55,12.07,6.25,6.04,2.44,29,21.53,2.4,2.21,183,18.34,0.04,1.38,44.01,21.59,544.39,5.79,31.05,5.78,70.65,10.28,17.67,205.44,5.48,8.65,18.81,56.15,9.6,7.34,20.53,5.3,19.04,5.08,17.72,17.55,17.65,71.19,9.9,19.39,39.94,24.89,10.45,40.39,8.96,2.76,0.9,17.96,0.83
MBC.MBCProject_JpCASlSG.Tumor.SM.GQC7E,5.14,4.31,16.32,2.12,1.33,1.3,1.74,2.9,7.64,28.3,2.02,13.21,2.65,6.38,1.87,32.78,15.07,138.68,1.68,5.6,33,17.08,5.32,2.92,148.13,28.8,1.31,16.95,109.34,12.79,2.74,1.07,28.77,2.95,4.61,5.65,6.08,1.73,3.03,11.02,8.5,10.53,9.73,1.53,2.48,2.78,46.94,19.49,5.69,3.41
MBC.MBCProject_mMhdcrh5.Tumor.SM.GQ9YG,11.84,1.25,5.86,6.35,1.62,12.94,3.21,3.66,244.61,13.88,3.63,212.39,3.07,2.14,1.07,97.39,41.99,341.85,3.5,11.69,34.3,39.9,5.74,4.74,160.3,10.67,1.36,65.42,73.4,14.45,7.18,4.95,3.99,1.02,0,6.55,8.92,2.09,38.17,7.41,18.55,43.75,4.01,3.02,10.68,4.09,13.59,12.87,34.32,1.49
MBC.MBCProject_NzHBsOtg.Tumor.SM.GQBL1,6.56,0.16,6.75,9.38,2.7,35.45,5.49,3.98,211.52,32.96,4.14,380.63,5.14,3.47,0.95,108.52,79.21,834.13,3.18,35.51,46.1,82.2,6.99,6.6,115.78,19.18,1.97,193.31,166.19,26.87,7.11,5.05,11.85,8.18,0.21,12.28,15.67,3.34,78.43,45.99,47.21,25.3,2.96,2.57,4.85,5.8,44.13,11.5,27.82,4.67
MBC.MBCProject_EkHAIECZ.Tumor.SM.GQ9OE,75.17,1.54,22.25,23.94,4.91,7.21,7.42,10.59,43.22,3.16,10.98,21.9,7.69,4.07,3.4,58.86,16.17,619.27,17.21,83.06,34.83,53.56,6.06,45.22,322.74,13.43,6.98,208.11,64.89,7.7,8.2,16.93,14.87,22.67,0.79,3.35,32.92,13.47,17,11.11,12.27,53.37,13.14,14.5,40.17,19.89,61.56,29.05,3.78,7.25
MBC.MBCProject_W4FBsLSx.Tumor.SM.GQA6D,51.85,1.46,25.14,11.29,7.04,1.69,8.66,17.94,147.24,9.38,19.65,58.97,30.61,0,3.07,79.37,28.37,905.89,9.85,26.4,0.67,36.16,11.24,17.78,196.71,20.92,7.07,44.59,157.77,32.05,8.33,8.67,5.46,19.24,1.59,19.98,23.42,7.84,2.15,23.77,3.68,41.24,7.29,9.21,42.26,8.85,0.36,0.18,12.17,1.52
MBC.MBCProject_W4FBsLSx.Tumor.SM.GQ9LV,38.3,0.59,43.56,12.13,6.16,4.64,8.48,14.73,55.59,11.84,16.31,27.9,32.04,0.08,2.2,81.01,31.44,563.28,12.3,22.04,0.23,41.9,6.31,17.52,138.15,15.02,4.15,39.51,197.84,33.76,7.86,7.28,2.62,16.24,0.55,26.15,21.69,8.05,3.65,31.11,2.29,73.93,4.61,6.09,43.55,10.35,0.34,0.04,28.02,0.13
MBC.MBCProject_W4FBsLSx.Tumor.SM.GQ9QW,52,0.71,20.41,22.82,7.07,0.52,18.02,14.66,294.58,19.12,34.75,15.33,40.62,0.04,4.17,103.98,23.9,776.56,12.92,28.53,0.38,59.33,10.57,22.29,138.18,44.58,7.88,40.67,146.18,32.36,11.63,9.21,2.32,22.52,2.54,17.42,35.34,10.71,7.68,38.38,1.45,65.97,4.38,11.01,55.29,15.2,0.37,0.23,28.92,0.27
MBC.MBCProject_6vTVHzur.Tumor.SM.GQCG7,33.71,2.35,11.34,4.45,5.95,1.74,5.95,10.3,9.32,15.4,3.8,17.94,15.22,4.24,3.51,36.12,22.32,1223.7,12.11,19.3,22.01,71.48,9.17,15.03,212.86,10.88,3.11,19.03,95.79,17.96,6.04,5.47,28.94,15.77,7.69,92.75,17.68,5.88,4.02,10.16,5.82,41.85,13.9,7.16,21.47,7.86,24.93,13.62,22.7,5.26
MBC.MBCProject_6vTVHzur.Tumor.SM.GQCQV,32.55,3.53,7.82,7.38,5.7,1.85,3.62,5.1,3.17,20.59,5.53,4.32,10.49,3.39,5.34,38.61,31.03,171.73,8.74,13.5,30.63,23.84,8.87,11.59,256.97,19.57,4.98,26.77,46.33,5.42,5.23,6.36,44.22,16.11,4.24,22.47,31.31,7.13,1.3,3.98,3.84,70.72,15.47,14.22,16.64,9.66,583.26,269.2,11.81,1.38
MBC.MBCProject_0aTBfPcG.Tumor.SM.DL3W1,16.26,2.3,10.84,5.92,3.84,1.83,3.71,4.78,18.33,2.5,3.37,18.87,4.6,0.71,1.22,25.62,35.46,363.73,1.7,26.31,9.4,28.98,7.94,7.81,143.43,48.98,2.82,111.79,63.81,12.28,2.1,3.99,10.74,11.9,1.44,4.69,7.73,3.64,12.91,14.23,16.28,12.6,4.21,6.41,8.11,6.29,80.53,25.49,11.49,1.78
MBC.MBCProject_JGcLUJiA.Tumor.SM.GQBDH,13.75,3.02,21.83,9.31,2.6,14.39,3.77,3.13,79.1,2.54,4.91,29.66,4.75,0.44,0.97,64.84,23.17,842.76,3.9,19.31,0.61,49.73,9.21,12.03,190.76,15.48,2.85,161.05,89.9,13.72,3.94,3.63,8.19,6.92,3.42,11.04,14.13,3.89,96.67,39.16,2.63,16.76,3.76,2.87,13.88,6.55,0.49,0.1,18.67,0.33
MBC.MBCProject_JGcLUJiA.Tumor.SM.GQAF6,4.6,1.1,29.86,4.25,1.26,2.39,1.86,1.93,129.45,1.82,1.98,34.53,1.33,0.16,0.31,61.61,12.05,1099.1,1.82,10.2,0.23,79.44,7.17,4.61,143.93,6.76,1.34,83,105.08,17.42,2.24,1.68,2.73,2.62,2.98,21.8,4.6,1.78,165.18,32.87,2.23,6.39,5.36,1.06,4.78,3.8,0.21,0.03,5.05,0.5
MBC.MBCProject_JGcLUJiA.Tumor.SM.GQAYN,7.91,2.48,40.69,4.11,3.05,1.97,3.16,2.55,11.44,8.32,3.09,0.66,5.47,0.1,1.61,84.18,19.95,529.19,3.02,10.76,0.34,55.78,6.01,6.98,194.55,22.71,5,26.1,43.39,28.16,3.31,2.92,6.55,8.24,3.22,1.88,9.03,3.08,21.96,37.19,7.3,18.75,6.47,2.38,7.51,7.06,8.71,0.57,5.19,0.15
MBC.MBCProject_e4SaTnIW.Tumor.SM.GQC6R,3.76,2.46,77.35,0.43,0.92,22.32,1.74,0.18,49.41,26.17,1.09,6.35,0.93,4.5,3.24,49.7,23.99,556.32,4.68,7.46,0,18.52,8.56,4,146.75,10.36,0.19,28.61,41.63,8.33,0.7,5.72,20.72,1.49,0.58,30.01,8.02,2.5,38.64,10.74,10.86,3.88,1.43,0.68,0.69,1.88,0,0,6.7,3.9
MBC.MBCProject_5vTpUpCv.Tumor.SM.GQA4H,2.32,4.13,12.6,1.17,1.11,6.38,1.13,0.6,58.18,28.62,0.4,8.01,0.16,9.69,0.75,26.73,18.75,1198.7,0.55,2.99,29.79,89.46,10.08,4.65,165.29,14.89,0.14,45.59,88.3,8.07,0.87,1.95,26.33,0.38,2.38,1.16,3.32,0.39,7.27,6.6,7.27,0.23,21.78,0.24,0.2,2.21,63.55,56.04,20.64,5.5
MBC.MBCProject_Ali6SAHL.Tumor.SM.GQAH2,23.24,4.81,19.49,13.06,6.34,27.81,6.5,4.88,46.69,2.02,4.09,19.39,31.38,0.27,1.02,43.33,21.52,168.38,10.82,42.08,14.93,55.26,8.17,10.51,122.74,15.98,9.68,28.87,44.4,7.81,8.95,12.73,7.15,16.45,8.17,3.09,20.61,7.49,4.82,7.72,16.38,16.44,7.27,5.51,27.76,12.65,0.98,0.11,2.74,3.54
MBC.MBCProject_XVHkUVTb.Tumor.SM.GQCLU,17.75,2.49,6.34,8.53,5.95,2.23,4.59,1.7,57.9,23.92,4.39,4.2,4.87,2.1,1.28,22.46,18.63,940.59,3.53,38.02,0.22,63.92,5.75,11.08,146.94,26.54,4.62,126.47,75.14,17.99,3.71,4.67,11.7,16.15,2.89,7.24,21.51,6.04,37.4,8.91,9.76,28.72,8.71,6.05,17.82,9.52,1.51,0.27,13.93,0.55
MBC.MBCProject_7wCjtKIW.Tumor.SM.GQCN4,40.4,0.37,4.72,15.33,5.47,0.38,4.9,8.19,7.31,15.05,10.83,18.82,16.36,0.17,3.69,35.53,36.65,844.65,10.96,70.62,2.26,133.25,5.47,29.51,203.87,0.77,8.17,15.94,121.52,18.9,18.15,17.08,1.07,25.72,2.91,10.96,41.68,19.42,9.45,3.83,1.56,80.6,81.25,33.22,44.17,6.82,0.69,2.4,2.61,0.33
MBC.MBCProject_9RtxtGUO.Tumor.SM.GQC4V,28.82,0.96,15.68,8.12,7.87,51.03,10.84,6.62,108.78,8.94,6.67,92.37,8.18,0.11,1.93,131.37,69.92,781.13,22.18,57.84,3.87,87.9,3.58,23.02,126.82,21.22,6.58,95.96,90.1,27.48,13.41,8.64,1.96,18.13,1.6,2.14,37.49,8.54,39.87,17.23,23.76,63.81,4.91,6.28,21.39,26.29,4.08,1.74,61.93,0.5
MBC.MBCProject_mrIQIdsx.Tumor.SM.GQ9JZ,13.58,1.09,4.72,0,1.57,0,0,0,4.16,4.27,2.76,0.35,1.9,0,1.05,27.19,14.57,113.78,2.73,4.08,0.43,2.98,4.56,0.18,55.97,6.97,0.02,13.59,982.5,360.96,0.86,0.11,5.82,0.55,2.01,0.54,1.17,1.53,0.79,2.98,7.54,4.86,1.12,0,0,0,8.76,0.28,1.28,0.26
MBC.MBCProject_mrIQIdsx.Tumor.SM.GQC5I,8.43,2.93,42.05,7.84,2.59,0.45,1.98,3.53,1.98,26.76,4.04,8.99,9.64,0.15,1.93,62.17,18.89,331.11,6.56,12.3,0.3,39.83,4.79,8.37,145.89,26.25,6.19,30.93,2382.8,477.27,4.13,2.94,7.43,6.92,10.92,6.05,12.5,8.06,12.75,7.16,1.87,23.24,10.32,2.72,10.43,4.34,0.13,0.03,24.57,0.69
MBC.MBCProject_LPHKFauY.Tumor.SM.GQCCF,22.22,3.57,4.81,14.51,3.87,3.07,5.77,8.81,204.05,4.87,6.28,8.67,14.68,1.78,2.82,62.52,35.17,437.35,7.91,29.65,0.37,85.2,6.64,12.34,168.39,24.66,7.87,151.47,122.13,19.13,6.72,7.72,8.23,15.91,1,55.22,15.7,8.5,81.29,25.56,8.38,21.56,8.43,5.67,19.75,9.18,0.11,0.04,10.74,1.32
MBC.MBCProject_8bfWIQu1.Tumor.SM.GQC81,147.26,15.83,99.18,33.91,54.93,0.1,58.68,31.72,1.92,191.93,29.38,6.69,30.65,3.42,19.86,48.56,25,29.69,87.5,196.52,46.59,8.68,15.34,78.74,121.19,39.98,23.03,24.46,34.43,17.57,60.14,52.18,63.46,165.93,0.83,3.2,167.51,41.99,2.7,6.37,15.99,109.54,1.97,30.92,60.79,91.75,19.52,1.43,5.96,6.09
MBC.MBCProject_8bfWIQu1.Tumor.SM.GQCD2,54.89,21.24,53.39,13.04,21.67,18.18,17.91,21.35,5.55,31.89,4.82,57.53,9.67,19.03,6.57,28.62,40,53.72,13.22,115.49,73.51,9.03,14.88,17.82,218.49,35.84,20.34,57.84,30.26,10.54,11.03,16.58,49.95,61.97,0.18,1.99,46.05,27.12,2.66,2.85,9.51,30.74,4.48,25.27,16.42,28.75,122.11,44.23,9.11,20.78
MBC.MBCProject_B7f5hRfD.Tumor.SM.GQACN,20.71,1.58,4.75,7.57,4.77,28.6,7.43,6.96,346.01,4.23,12.69,168.42,20.13,0.16,1.82,39.6,19.8,628.12,6.92,31.09,6.26,101.68,9.89,14.13,227.46,14.11,6.34,425.98,123.62,27.4,7.99,6.96,3.78,24.07,3.89,1.14,18.24,6.73,23.19,37.52,17.68,46.27,6.52,6.68,25.38,19.66,4.33,2.52,42.59,1.32
MBC.MBCProject_B7f5hRfD.Tumor.SM.GQ9XT,9.9,1.64,2.98,7.06,2.84,31.68,13.21,4.1,197.89,8.54,5.04,92.22,11.7,0.76,4.66,92.36,39.73,370.95,7.72,19.65,7.76,80.81,2.77,16.53,264.97,21.21,4.97,377.16,109.89,29.76,8.97,9.46,6.84,7.95,2.39,0.74,42.16,7.45,31.79,20.15,11.66,30.15,13.65,6.34,25.83,11.83,2.3,5.65,58.47,0
MBC.MBCProject_MlheH1iY.Tumor.SM.GQD2K,18.73,1.32,7.32,14.54,9.47,45.07,3.31,5.1,84.11,6.25,24.72,287.73,9.21,0.47,2.31,78.04,15.61,961.79,8.46,36.34,13.39,74.77,4.9,23.19,154.42,13.82,5.74,157.95,1016.1,136.75,7.44,7.86,7.65,13,0.41,0.62,35.21,9.3,166.09,12.58,10.09,21.33,6.35,8.27,22.09,8.66,14.35,8.03,29.19,1.62
MBC.MBCProject_wzCxuoio.Tumor.SM.GQCHG,17.94,42.61,3.31,6.42,5.06,0.7,1.67,4.41,2.64,31.51,3.17,8.07,4.22,6.52,0.76,18.75,16.22,5.8,4.24,21.25,514.97,0.62,19.55,6.37,80.88,23.65,3.09,19.54,58.9,12.09,6.12,5.48,24.86,9.38,0.38,0.25,21.92,8.25,0.43,2.29,3.34,26.83,3.6,3.73,6.94,5.06,73.9,22.74,4.58,20.11
MBC.MBCProject_oNI6SXtq.Tumor.SM.GQC8N,34.48,1.91,15.79,15.09,30.3,1.57,13.39,5.49,40.8,23.81,18.29,50.34,21.37,0.74,6.12,36.52,20.93,154.18,13.58,62.2,151.93,66.26,12,38.06,196.14,24.19,9.74,22.14,117.78,23.21,12.8,12.86,6.35,25.31,2.48,0.95,81.85,21.84,4.16,7.36,3.18,57.04,10.02,11.72,41.65,44.58,16.25,9.84,1.37,3.67
MBC.MBCProject_briXiduE.Tumor.SM.DL49L,2.64,1.97,8.76,2.34,0.87,2.34,0.76,0.93,59.71,8.69,1.83,27.85,1.49,2.54,0.54,35.53,13.33,498.27,1.39,3.85,9.44,42.87,3.63,2.44,98.29,14.6,0.72,35.87,43.69,4.43,1.29,0.78,15.4,3.05,5.13,24.14,3.54,1.36,27.56,6.09,5.86,7.51,4.88,1.3,2.19,3.14,15.06,7.84,20.47,1.22
MBC.MBCProject_k4hlFwFg.Tumor.SM.GQA9I,6.8,4.91,12.33,2.68,1.2,11.47,2.34,0.99,348.02,28.64,34.23,16.03,5.36,7.2,1.84,19.87,25.22,1048.6,4.15,9.28,113.03,93.84,51.89,12.88,151.74,17.72,1.49,41.91,91.47,29.13,2.92,2.87,58.46,6.6,2.9,12.62,12.7,4.6,159.09,23.63,7.56,2.79,18.65,30.19,16.75,8.55,149.12,139.43,67.31,1.91
MBC.MBCProject_xlhkS5CG.Tumor.SM.GQ9ZP,2.97,1.16,1.47,1.08,1.06,37.56,0.61,1.28,19.29,2.84,1.87,24.84,0.53,0.74,0.32,23.49,13.27,318.36,0.77,2.28,0.5,30.2,5.83,2.62,116.69,10.43,0.82,109.83,27.08,6.8,1.11,0.78,6.35,3.81,0.34,0.28,5.31,1.14,43.1,2.12,3.52,4.06,8.76,0.71,1.32,2.37,1.37,0.71,39.09,0.13
MBC.MBCProject_DximH6Cn.Tumor.SM.DL3XW,15.1,3.69,110.3,6.49,2.95,1.01,1.74,12.37,8.24,44.22,8.46,25.45,2.26,0.92,1.9,77.97,14.66,227.63,4.09,4.15,18.7,26.8,5.21,6.3,109.62,17.33,1.87,30.25,46.93,6.72,3.34,1.6,17.3,2.1,4.11,2.1,4.47,3.64,4.68,7.02,4.52,6.71,4.06,1.11,7.74,1.81,14.25,8.18,25.48,0.88
MBC.MBCProject_gASyuQSl.Tumor.SM.GQAQH,9.99,3.33,9.63,0.67,2.18,7.11,0.27,6.29,113.53,1.42,3.27,76.95,0.99,0.48,4.3,31.25,20.56,2765.1,2.47,10.15,1.7,106.65,5.31,13.12,179.77,2.37,0.94,172.17,71.33,11,3.1,0.83,2.01,4.6,2.44,1.15,9.92,2.55,13.18,13.64,13.32,9.51,10.21,2.9,4.5,6.71,11.48,1.65,15.99,0.36
MBC.MBCProject_gASyuQSl.Tumor.SM.GQ9KM,13.92,0.6,3.99,1.76,1.15,11.64,0.38,0.79,32.78,6.86,2.22,15.35,1.08,2,1.17,34.53,18.97,938.04,1.69,4.56,6.66,63.21,8.13,7.49,142.05,3.87,0.49,38.74,58.34,9.42,2.05,0.9,10.65,1.8,4.62,0.87,3.76,1.97,16.96,5.4,6.62,2.03,12.28,1.4,1.97,1.7,6.41,5.7,3.8,4.36
MBC.MBCProject_gASyuQSl.Tumor.SM.GQA3U,5.08,0.94,1.35,4.8,2.94,12.16,0.38,1.42,45.84,5.72,5.62,3.73,2.62,0.05,1.41,25.6,15.11,810.47,0.98,7.19,18.46,56.55,11.85,3.57,147.16,1.21,1.02,61.27,60.18,12.09,5.18,1.16,5.03,2.81,1.23,0.3,6.27,3.05,24.44,5.21,7.28,1.74,25.4,1.95,2.71,1.99,0.09,2.11,7.83,0.37
MBC.MBCProject_W2CQswiv.Tumor.SM.GQCPM,7.09,3.4,16.24,3.49,2.89,26.52,3.02,2.12,83.2,10.93,2.15,46.14,4.16,3.32,1.78,44.9,27.71,777.79,4.15,12.71,51.91,75.31,9.09,13.04,191.29,31.91,3.59,131.1,60.61,8.52,3.92,3.98,20.01,9.22,1.31,1.28,8.92,3.87,66.33,24.21,16.72,20.68,7.84,2.05,8.57,7.25,40.25,17.6,32.16,5.12
MBC.MBCProject_6JhKimhv.Tumor.SM.GQCJC,17.86,1.88,7.95,14.13,5.04,10.82,4.4,4.52,106.87,6.91,12.98,133.78,12.52,0.99,0.83,53.74,19.99,411.43,9.05,34.63,14.31,82.69,8.66,19.61,222.75,20.54,7.11,161.22,35.23,7.85,15.47,8.35,11.57,15.22,2.05,1.33,22.5,9.98,85.69,9.49,6.13,35.98,32.74,9.12,28.26,7.74,18.39,6.6,21.96,1.32
MBC.MBCProject_m1fOs2FL.Tumor.SM.GQA54,28.67,2.98,23.1,12.25,5.66,74.05,9.11,7.53,99.59,34.21,4.12,119.94,35.84,3.99,2.21,62.42,38.28,118.96,14.61,26.99,46.39,65.55,5.73,14.12,267.17,21.55,10.67,73.22,83.5,10.6,13,23.04,9.55,25.01,3.24,1.81,41.68,14.43,99.01,3.01,5.71,98.52,5.89,20.73,36.28,11.09,68.17,56.02,61.46,3.38
MBC.MBCProject_QJFdf8hQ.Tumor.SM.GQCJY,99.87,14.77,53.89,21.68,10.85,0.67,13.15,23.02,3.24,32.84,16.71,3.04,65.87,3.06,73.64,75.85,26.44,91.7,41.73,53.04,29.04,89.56,10.44,33.12,163.91,12.76,18.42,16.75,81.16,17.04,15.65,33.44,16.67,29.78,3.77,0.84,45.17,10.95,3.16,7.56,2.78,54.16,18.69,8.27,96.29,8.62,38.46,29.92,1.96,1.42
MBC.MBCProject_ygcMFgCR.Tumor.SM.GQ9S6,43.2,5.24,54.05,18.46,6.36,0.62,6.58,6.33,68.29,7.72,11.74,425.84,38.21,0.41,3.8,58.01,29.55,190.43,10.84,53.71,134.52,66.08,8.83,16.24,179.68,16.04,7.96,227.13,87.96,19.57,9.11,12.99,15.75,26.95,0.29,3.61,19.37,10.67,4.27,22.01,2.81,59.77,4.75,7.13,30.57,8.83,68.72,41.02,10.82,3.34
MBC.MBCProject_ygcMFgCR.Tumor.SM.GQAIX,36.51,1.2,10.76,16.84,6.28,0.93,8.16,11.2,118.83,3.47,8.93,83.53,34.38,0.47,4.09,75.18,24.06,317.41,12.44,61.73,2.21,90.22,8.01,26.88,680.88,22.3,13.41,90.68,102.03,20.94,12.43,19.82,8.83,32.28,0.92,14.65,19.14,15.43,2.51,11.73,4.79,69.72,15.39,9.79,46.42,9.41,1.95,2.19,18.91,0.59
MBC.MBCProject_ygcMFgCR.Tumor.SM.GQ9MI,38.26,1.16,12.43,18.33,5.84,1.28,8.66,12.36,122.03,2.69,12.36,121.47,32.7,0.26,3.86,89.05,19.94,290.36,13.98,55.79,0.83,110.57,6.96,21.41,726.03,20.15,8.2,87.38,110.13,31,12.39,16.23,11.97,21.55,1.76,18.99,19.01,18.16,14.96,12.85,6.62,74.69,11.25,12.67,46.14,10.7,1,0.32,28.18,0.3
MBC.MBCProject_5gHasou8.Tumor.SM.GQA1C,26.37,1.37,10.99,14.08,11.21,7.12,9.4,5.62,105.91,5.19,19.47,127.12,22.11,0.5,2.09,55.65,16.38,933.53,5.39,52.74,21.72,63.39,9.92,23.99,465.41,19.44,7.75,745.12,95.41,13.87,12.04,9.59,5.69,32.62,0.3,1.42,18.52,8.75,25.08,23.89,5.78,36.54,19.24,20.52,21.72,19.68,14.59,7.79,105.76,2.8
MBC.MBCProject_5gHasou8.Tumor.SM.GQBYU,15.26,2.28,9.32,20.63,5.54,11.16,19.51,2.78,63.69,5.54,9.26,44.28,24.99,1.29,1.88,80.35,20.71,1060.6,9.24,37.18,25.17,59.07,7.99,20.62,729.15,27.1,6.68,628.03,144,26.46,9.5,11,12.56,13.9,0.34,2.22,37.3,8.11,16.42,15.98,14.79,36.09,12.48,6.83,26.27,17.43,27.48,14.25,89.75,2.07
MBC.MBCProject_DWTkcWCW.Tumor.SM.GQB7T,18.36,1.82,22.59,6.73,2.96,49.91,3.6,3.37,122.79,7.13,7.51,70.47,4.48,0.62,1.04,29.53,21.44,213.75,5.65,27.76,67.57,55.86,6.61,9.64,100.07,8.5,4.56,267.66,51.19,6.92,5.93,5.52,14.08,12.92,2.63,0.5,18.4,5.7,25.09,10.46,5.64,24.08,8.06,6.97,8.81,5.38,267.99,164.54,59.78,0
MBC.MBCProject_ZeTySaU3.Tumor.SM.GQD3T,28.32,3.8,13.56,26.7,16.11,34.96,8.38,10.79,67.08,11.34,18.91,30.59,39.9,1.95,2.01,53.04,23.11,1089.6,21.75,51.7,44.15,41.23,21.03,19.94,145.01,78.26,8.38,84.41,110.9,27.99,15.53,19.21,16.67,30.97,3.35,0.62,49.55,17.43,30.64,15.18,13.01,86.31,5.15,14.94,51.79,26.51,58.15,28.54,75.05,18.86
MBC.MBCProject_qQSACYuv.Tumor.SM.GQBFZ,39.85,0.54,24.46,8.67,2.11,6.34,3.95,3.34,51.33,9.62,9.2,135.45,8.17,0.12,2.72,87.72,18.39,868.69,3.98,25.49,2.74,79.22,5,12.88,187.87,9.74,4.76,26.38,107.38,14.94,2.79,4.16,6.24,12.18,3.17,8.17,15.9,3.68,38.97,22.43,1.43,24.86,5.82,5.28,11.45,4.94,0.72,0.7,25.38,0.18
MBC.MBCProject_oZT8clio.Tumor.SM.GQCVW,23.65,2.17,59.65,21.39,4.03,1.27,6.06,7.97,3.6,19.23,7.43,272.95,18.15,0.43,3.39,64.32,11.32,778.75,10.55,44.9,42.14,95.59,9.25,38.39,114.93,12.22,6.49,21.32,2014.4,257.42,32.08,10.84,25.03,32.81,13.08,36.82,47.91,8.67,4.84,9.2,3.83,62.54,26.3,13.27,46,9.16,15.53,7.21,1.88,0.64
MBC.MBCProject_lJflt3UR.Tumor.SM.GQAEJ,34.49,0.6,0.67,4.83,4.88,10.02,3.87,5.84,443.73,13.09,6.46,173.29,5.64,0.16,3.13,85.24,26.84,368.06,9.27,33.56,1.02,97.15,5.55,20.59,147.95,20.17,3.2,94.99,107.65,12.03,6.48,11.2,1.94,13.48,1.15,1.01,11.8,5.35,122.22,10.71,16.85,34.54,7.33,8.3,6.54,9.64,1.42,0.61,49.91,1.81
